,Name,Phone,Address,Email,EmailName
0,Jimmy Arnold,001643816613065676,165 Wayne Drive,robert77@example.com,robert77
1,Tiffany Meyer,2404866286392,9541 Sean Forks Apt. 790,echan@example.org,echan
2,Stephen Robinson,651362186065840,158 Rogers Club,tristanflores@example.net,tristanflores
3,Dr. Eric Campbell,8823764268,568 Jones Ridges Apt. 020,harrisonthomas@example.net,harrisonthomas
4,Jason Campbell,9652633411,5391 Moreno Stravenue Apt. 441,johnsonraven@example.com,johnsonraven
5,Kathleen Riley,19515408899,43502 Boone Plaza,ashlee29@example.net,ashlee29
6,Nicole David,163694877773472,189 Hoffman Locks,kelly63@example.org,kelly63
7,Karl Oconnell,0013263422328998,942 Amy Park,dbrowning@example.com,dbrowning
8,Susan Phillips,001381911844457937,0822 Baker Drive Apt. 358,brandon06@example.net,brandon06
9,Jennifer Jones,0014142266860237,2102 Charles Inlet Apt. 558,jessicamiranda@example.org,jessicamiranda
